Username,Rapid Rating,Blitz Rating,Puzzle Rating
-agua-,1162,918,1225
-chris-,1114,921,1350
-darkmagician-,1618,1622,1377
0-vice-0,1245,1250,805
000alucarddracula000,812,354,787
000rom,552,682,1192
007tdr,1300,964,821
008181,1185,923,438
00juggernaut00,1221,1091,1971
00kovl,1247,1089,387
00lelouch,835,975,786
00moose00,584,511,1013
00zekken00,1071,772,1517
010001100100100o,883,659,494
01011010acii,620,637,1201
01htes,665,535,436
01shadowking01,1967,919,562
0424325106,1054,848,792
0438905,826,179,392
04psim,1403,1431,1876
04_bramma28,720,426,1048
0537747,850,497,802
08iwn,870,797,455
09i4,970,599,951
0braincell0,924,582,1462
0chess0,1321,1085,1149
0e023playz_yt,610,770,471
0fairy,1056,1152,2078
0gard,1091,1215,1843
0knightofbrunker,1101,904,819
0liverhs,667,648,1030
0mn1sc1ent,1220,956,1235
0mnipresent0,1085,741,1034
0moshiroi,636,321,570
0mrman0,777,577,811
0nl0,868,920,1371
0pixel0,867,340,484
0rangen,562,544,387
0roh1t,677,759,407
0roshi0,411,211,431
0ut_played,782,649,764
0x623136,1607,1403,2094
0xalfie,1291,991,1426
0xam,1280,1087,1722
0xworldchampion,1268,973,1572
1-winnable-1,1249,972,1821
1001king1001,1134,911,1670
100percentloserate,483,318,426
100percentsuperbad,1105,947,1097
10302933e,1268,1439,1024
1048576b,1053,1149,523
108j,862,542,456
10cubed,1222,995,1114
10curtainj,1418,1448,2076
10minutemailaccount,1746,1595,2470
10_big_men,432,204,874
110warrior,944,1017,427
111111111111111a,1209,930,1497
112052,1172,848,1119
112ee,986,282,797
117multiplex,821,941,547
11buriedalive11,914,842,1059
11toesdwn,960,866,448
11zoloo,1316,1330,1212
123456776543,859,799,1070
123456rtyuio,693,626,406
123456zxcvbnm,732,884,1433
12345tj,951,698,837
1234a1,929,689,1337
1234biswall,751,477,1194
1234ismell,1209,926,685
123boombambop,1023,653,558
123jnt,817,934,1583
123rich123,1301,793,1553
123rolyc,1195,838,1032
123spv,1171,858,1977
123vman123,808,669,1303
123yourabitccch,835,1011,405
123_leah_chess_champ,791,382,1630
124281,1385,1162,1890
1269x,749,659,840
128772bh,1022,1301,928
12andscared,1791,1467,1797
12jkkj,594,405,787
12kirky12,1021,1039,1392
12me12,1667,1584,2316
12ryou,1044,837,435
12shelvepantry,1010,728,550
12sukh,179,638,411
1300-i-ate-your-children,867,253,889
1337nathan,690,1075,703
1357997531s,1415,1495,1860
138yen,937,805,896
13assaca,681,604,434
13beanmachine13,681,935,795
13william,694,798,1090
1452atf,588,455,987
147theking,1039,619,1377
14based88,1024,803,1873
14dcsscd41,1108,796,1879
14rami14,1300,1054,1509
15gportroyal,832,764,1074
1609vs,1646,1446,1616
165jimbob,583,1092,445
16speaha,517,668,765
16thbn,692,1038,1006
17beans,1705,1500,2047
17donj,710,255,1479
17fateh09,1270,1007,1911
17kiraly17,1149,354,438
17lettersand3numbers,857,825,960
18copes,1099,716,1292
18kgb,1046,662,1469
190201,1116,1248,1951
1974player,713,481,896
1975dannyboy,1250,1205,1558
1987ethan,595,345,786
198destroyer,1001,875,1390
19960331,1335,885,1881
19andrew64,671,514,1386
19dwilli,1410,1491,2007
19kanguy,857,1061,519
19mill,1401,1070,1226
19thomas88,894,614,1407
1amk1ng44,422,293,591
1anderson,1019,763,812
1andonlystevinator,850,698,393
1autochess1,1299,748,1613
1beard,1090,1008,1200
1bhuvaneshkumar12,1145,952,1294
1blackunicorn,1265,1364,1646
1blessedmama,742,578,1000
1dk_what_name_to_pick,888,1020,825
1e1ouchvibritannia,1017,1031,1502
1e4,1124,933,1326
1earner,1561,1370,1625
1easybeat,825,483,414
1expresso,1564,1251,808
1fabled1,1420,1403,1942
1fourstickman,523,151,719
1gilf1hunter69,1230,498,1418
1gnush1,961,546,1761
1h59b,1235,1110,1222
1hunn1d,456,229,793
1ic,1001,944,786
1isfirst,1304,994,1005
1jason,970,357,816
1jesse55,1266,1124,409
1jessie1,1006,569,942
1kenn_e,1057,833,451
1kgray1,1129,938,972
1kk0,662,558,427
1loj,763,347,1154
1markhunt,1274,1652,1501
1mastershifu,1214,1029,629
1mg4y69,1161,821,1107
1michael23,881,392,1310
1nandos,681,783,1489
1ndecisivestrategist,772,419,803
1nethre3aore1,1129,1097,848
1nucleus,825,744,421
1operas1,704,723,791
1pepsiman,758,691,387
1plutonium1,1098,1314,647
1raziel1,701,443,495
1reno2,1504,1146,1966
1scrapmetal1,1071,621,863
1skinny,1250,859,1495
1souporman,525,445,1584
1stimeplayinchess,437,394,795
1tepan,837,807,1440
1thedarkknight1,769,387,616
1tsmebirdy13,1450,882,1749
1ud,912,678,1426
1underdeveloped1,1089,853,800
1velvet,1393,1030,1498
1waffle,1114,674,1082
1whitechocolate1,300,319,387
1woody,895,377,676
1wrongfulgoose6,624,344,481
20000leaguesinspace,1094,803,521
200iqchessgod88,540,500,425
200iqchessmoves,820,411,399
201iqplays,1311,849,1130
2021chessgrandmaster,1000,1323,496
2021marcus,703,753,450
205fritz,1580,1416,1623
20armstrongc,1369,1396,1165
20bob21,332,473,399
20brunsri,1329,1107,1636
20charactersshort,1071,965,790
20kblueberries,1135,982,1278
20mintomidnight,1281,1074,1386
2121j,1051,1094,1712
2176era2165,609,284,463
21chicken,760,511,1402
21coopelia,1258,780,1859
21drose,1085,1353,2008
21hsangtoki,868,693,827
21walkerw,904,590,1084
21zacmu09,270,186,435
2202kerg,1708,1639,2549
2282champ,1733,1859,2316
23blockedbyjames,1087,508,410
23dyn,810,583,801
23garskem,1125,912,1874
23goat96,1061,600,876
23lixi,1120,566,447
23pangz,739,402,1363
23totodile,1202,847,980
240760,535,310,387
257tyh,804,523,1124
25huge-o,296,163,427
25lord,1674,1673,2490
269rox,597,784,1211
27chessy,1301,1280,1012
28akite,1004,885,1653
28pearlfish,943,628,1241
28thsquare,1815,1278,1266
2addicted2pawn,540,467,794
2bad4chess,1082,993,1031
2bad_at_chess,1098,545,1417
2beornot2be,1545,990,1191
2blk4u,1350,1376,1091
2bns,645,487,1070
2bottles,1245,991,1649
2cock,799,678,402
2cool2loose,1058,714,1169
2ded,652,118,671
2dgirlsarebestgirls,1154,613,1190
2diewithyourbootson,812,1225,1630
2e5090,1040,588,892
2ez4a3z,1026,296,510
2ezgg,1117,1234,1746
2ezy2pzy,694,591,400
2fknfast4u,865,590,593
2glory,902,584,412
2good4u_lel,1345,1200,2097
2goodrooking,1267,1343,1728
2inchesofheaven,876,837,1349
2jjs,630,563,812
2jono,1108,917,1623
2justincase3,1216,857,437
2kaiserin,734,318,465
2kings22,934,803,872
2korchess,797,622,694
2ksus,672,634,1131
2leet2beat,1137,847,1638
2me93,1151,886,1418
2oo3,1619,1616,1225
2oodle,864,533,1232
2th3moon,1003,823,1184
2v_y2,988,929,742
2whiteknights,1163,703,512
2winturbo,1145,954,876
2xqt,1245,948,1068
2yroldgorilla,1232,769,512
300cc2t,901,860,801
301resa,836,573,1188
3113nn,1211,919,431
316stain,1575,1553,2078
317sim,1526,1348,1835
321kz123,1510,1428,2401
321torps,1333,993,1239
3358494986,1225,1493,1867
33threemason,1058,1044,1264
34027,945,730,1046
35guitar,1448,1363,1757
360noscope2siq4u,584,562,1200
360pasta,1207,973,1332
36checkmates,1153,970,911
3dchess1,895,458,906
3drick,748,442,606
3dster,1038,603,1469
3ert0,508,441,577
3gh2,982,1001,1381
3lijahbardo,602,1204,786
3llfont,859,830,435
3manoman,613,410,410
3mflattiedog,669,1032,911
3min3m1,895,550,1172
3monthswages,845,506,1262
3nigma_404,1356,1074,1598
3pills,960,1002,1188
3rdeye1111,891,693,801
3rdgrandmeistro,1064,770,1207
3rd_derivative_postn,2086,2191,2602
3rian0,1136,1026,1925
3thanmilo,1100,818,1450
3ugene,1474,1209,2254
3um_l0rd,667,563,438
3v4ng310,760,826,867
3xpr3ss,478,458,1219
401821,1562,1490,2184
402canela,1154,872,1473
404notfound3,822,1017,1565
40824sam,964,914,1512
41peacheswithsauce,1094,858,1576
420carot,510,173,404
420chessbot420,1155,1013,1807
420chessgodess,879,712,1102
420earl,537,396,429
420jackson,602,426,399
420ritardo,1035,825,1212
420sanchez69,1340,1603,1570
4276man,955,786,1198
43duacye,716,700,550
44dk44,1674,1348,1288
454memerino,1192,644,1265
46h1,998,639,572
46juve,1239,1201,1333
495208341,1214,1062,1848
4bog2,1206,946,1679
4bs,1418,1006,2089
4cedmove,1805,1358,2193
4cefull,1170,847,420
4dimensions200,736,605,1419
4extra,933,687,889
4funwintrader,719,864,1285
4lex21,1096,983,784
4mhcl,969,1347,2225
4mmjl,1217,1075,1025
4orces,1147,745,1308
4ourrr,1011,947,1642
4par,971,688,1382
4rk1,1531,1269,2278
4ryonn08,1190,1052,1849
4sbwithu,1399,1490,1355
4six3757,662,516,813
4skin69,750,467,1139
4themusic,563,610,784
4tpase,1568,1318,610
4w350m3yeeter,1050,706,1298
4wk0,583,422,917
4wko,1171,765,1275
4x4roads,962,719,613
4zlol,1130,838,987
50iqlol,842,789,1665
50lashes,1988,2026,2402
50schild,1752,1518,2240
51o,451,221,469
5253jake,749,902,1165
52factor,868,646,1489
54joltz,1043,901,1199
54m2007,557,1075,806
55000brad,592,474,767
55863,1429,1479,2460
55hvc,764,725,853
57leonard,836,1007,1300
5ah3r,1500,1473,1475
5eisepic,1144,1166,1760
5h1vam,1053,876,1191
5headchamp,860,657,466
5headplai,721,665,1028
5herman5,1066,564,1801
5hitposting,823,502,1431
5ht2a_r,1046,622,1463
5htdeficiency,1687,979,1724
5n0w1,724,468,390
5ninjaboys,760,1239,561
5pecial,1061,701,1082
5sehc,1177,860,1003
5tduban,576,294,693
5thace,924,379,1202
5yardquinn,1039,546,1225
5yearoldgeneral,913,778,1066
6-feet-tall,796,423,1410
62malvern,1819,1595,2732
637nodnol,672,537,588
63twig,1370,916,795
64squareflair,1058,584,1098
666aaron,551,271,429
66diesel,906,861,683
68kai,588,820,877
68moose,988,899,819
6942isverybigbrain,1363,1409,2252
69afroboy69,972,631,1143
69bigweeweebaby420,1314,838,1233
69chessnoob691,1260,896,1784
69fossil,759,1022,591
69fsih420,1091,820,1092
69hahafunnynumber,971,306,1517
69harro4u,1244,1192,1378
69jim69,450,553,723
69mainman,1067,1003,1195
69ohbabyatripple,327,100,473
69queenslayer,939,640,1012
69rayhan69,1001,638,1555
69sk8rboi420,715,893,1368
69slipperygypsies,579,1012,842
69tafru,847,472,1369
69_funny_number_lmao,398,648,786
6beersdeep,1549,1405,434
6chem,379,192,728
6dylan9,1002,286,1625
6exuled,1153,674,1450
6fedlane,528,665,425
6fred6,741,468,422
6herman6,989,758,1558
6howtochess9,1460,1312,1533
6ix9inefan1,1380,1113,1868
6ofspades,997,901,1431
6orlando9,1219,1127,778
6reatmate,915,867,508
6rick6,1317,988,2264
70moonlions,713,544,1333
711lo,921,832,475
71onn,1066,659,1143
7575u,827,693,1126
75greg,456,584,432
7625el,1229,1108,428
7777777apple,1262,969,1220
777ben777,844,1090,1203
777skux,1211,1173,1922
77chris77,1165,1164,1025
77deranged77,484,360,541
77mb77,943,673,1582
77_andres_77,981,862,423
78shags,672,434,412
7amaankhan,1044,980,515
7arvis,659,428,1126
7costanza,412,108,413
7elevin,1083,1054,1480
7kubsoneq7,1010,801,963
7liverpool7,873,1268,468
7lordc,1376,1001,1967
7luigi,819,984,787
7plyordie,1671,1525,2098
7row,1565,941,1070
7thbestcheckerspro,812,662,800
7three1,1135,792,1741
7yler17,955,628,1176
7zer0,858,813,1006
80scrim,1372,993,799
818181818181,881,836,557
84clay,1054,878,1310
84strikes,1121,847,885
8631,1701,1634,2290
8763,1330,1215,1494
886014,625,529,1219
888charms,1310,1416,2142
88legoman,906,659,757
88uwotm88,1221,921,1187
88wadey88,878,621,1351
88yinyang,1177,1124,801
8alakae,765,720,544
8auer,1266,900,1238
8bitsmash,940,507,1337
8fj4nd,271,307,412
8jet88,1405,1290,2011
8juice8,674,334,402
8njmn,556,437,1000
8o6v,417,452,1036
911s3n,1039,1056,426
92344453,1119,1088,2061
95jamesk,1157,1027,1798
960ax3,804,518,1169
97grandmaster,1212,1123,1310
9876543210-1,1284,1026,1309
98ncwj,1159,542,1591
992judah,1151,661,1398
9999100a,957,746,434
99jjj,1164,1018,718
99mmhh,538,274,1139
99tushi05,973,940,1187
99_crepperman,509,594,446
9kthanatos,1068,619,1676
9peaks,1168,834,452
9to5grind,1091,542,437
9vantage06,638,310,787
9yane,1349,1076,1849
9_inch_potato,1180,1033,1600
9_of_diamonds,942,1037,1052
a-a-ron_076,1414,1022,1317
a-janx,628,522,438
a-l-e-x84,913,662,1486
a-nuke,573,768,464
a-voided,730,511,491
a-zarghami,1790,1446,1584
a0_chess,237,285,387
a1discovery,999,592,1006
a1i2a3,1327,1052,986
a1winning,1168,1286,2456
a1yk,838,824,1473
a380-800f3,1309,1541,1911
a4015,408,310,998
a56sn7,536,936,573
a6m4,575,805,663
a7medoo777,1166,805,1117
a7x6c,1177,1312,1464
a83s,1090,982,1487
a99999999999999999hi,791,467,1163
aa2k5,1414,672,1589
aaa1835,1204,1073,1468
aaaaaaaa2343,602,600,814
aaaaaaaaaaaaa13,1395,1174,1325
aaaaalexz,821,865,808
aaaakim,1095,1103,1967
aaaarrow,1131,891,488
aaabbb1234,918,842,702
aaahhhhhhhhhhhhhhh,822,592,1385
aaahhoo,1025,1049,1192
aaamarion,1418,1621,2040
aaardvark,1393,1238,2208
aaarrooonnm,892,983,568
aaazzl,883,846,1127
aab0001,1253,918,810
aabb465270,998,646,1067
aabdult,1125,664,834
aabtaz,1140,1113,1340
aachessman,1196,1215,436
aad1tya88,761,493,1000
aadharshkrishnaa,204,163,1008
aadi1407,1283,1010,530
aadog36,864,755,576
aady20,1300,854,1695
aadyr07,392,904,867
aaha28,1214,1675,2129
aahaktan,935,501,485
aahil729,494,205,412
aaigoo,1358,1482,1854
aaikom,412,204,447
aajackson,842,604,938
aajjaa1,1228,917,1260
aajosipstrekelj,996,1071,1252
aakk456,1033,1113,502
aalexwatson,696,812,1290
aalteo,852,619,514
aamrose,695,241,991
aamyy,604,572,446
aandrewxyz,1071,846,1138
aang71820,1110,679,482
aanil4,996,796,1362
aapology,1322,1130,800
aar0nknee,653,414,387
aarav-47,1108,811,816
aarav1399,675,1379,439
aaravharman,1066,1142,1020
aaravranuva,666,1266,816
aaravsmallpp69,845,406,792
aardvrk,280,952,406
aaribsyed,753,345,400
aariel04,998,927,1525
aarnav710,1617,1577,1526
aarnav750,1440,1510,1948
aarnavpunj,883,895,1184
aarniosh,1502,1064,1692
aarnv,662,962,556
aaro0,1335,1056,1962
aaron-maher,1018,888,1360
aaron24711,933,744,1380
aaron5418,984,830,409
aaron616,707,668,495
aaronalaska2,1185,953,1590
aaronb12324554,777,624,871
aaronchini,925,881,1080
aaronchiswell,1309,1203,845
aaronchung2021,1486,1727,1382
aaronclark34,619,708,1483
aaronct30,1199,1115,782
aaroncuzkelly,809,603,1078
aarongomez8,1426,1715,2334
aarongumapon,1216,674,1064
aaronhusovic,952,794,1150
aaronjoel22,620,577,412
aaronk1ng,1397,1180,1982
aaronkeddie,1166,1223,1098
aaronlaiyiengheng,1047,869,745
aaronlambert,1382,1384,1881
aaronlange,1430,1174,1285
aaronlev210,1393,993,1703
aaronlikesgogs1234,1072,724,1011
aaronlin08,520,638,485
aaronm97,699,731,1356
aaronmason01,846,644,531
aaronmedcalf,1095,788,1740
aaronmorgan3011,680,650,893
aaronrkiss,912,942,1386
aarons76,590,594,566
aarons92,959,897,1219
aaronshort,1080,997,926
aaronsmannequin,901,634,1118
aaronsomebody,1060,590,439
aaronwvtts,1229,1345,2302
aaronxxiv,524,236,411
aaronzimpel,962,463,1120
aaron_bell,845,631,595
aaron_kahland,1002,974,1431
aarules234,1004,1571,2268
aaryagadham,734,781,387
aaryanissick,1094,670,956
aaryasood,492,141,490
aatata,919,735,886
aathavanshan,1422,1112,1419
aatta,1243,607,1106
aattrox,776,622,857
aawman,876,429,410
aayan2012,1633,1542,1713
aayan2015,1667,1587,2618
aayanejaz,845,1092,425
aayankum,544,422,486
aaydenjrena,432,404,1088
aayu-patel,1329,1428,1010
aayush77700,821,1009,436
aa_1b,1221,973,1645
ab0105,901,1063,462
ab6262,567,483,419
ab91103,1331,743,1476
ab959,970,815,1865
abababs,863,473,1245
ababic404,992,977,822
ababyelephant,1030,1335,940
abadcharacter,1382,1245,879
abaddon299,1240,1093,1484
abaganuve,1633,1506,1646
abaird03,1337,1077,1571
abakik,1438,1044,1758
abaluhya,1007,1600,1099
abanana79,919,713,793
abang_bobby,1068,722,820
abankub,783,1398,403
abarrak,1209,989,821
abas0011,1026,774,1383
abasne10,1473,1021,1321
abax27,1136,1046,949
abaxius,915,419,1240
abbacddc,995,1105,1595
abbakus,1473,391,1200
abbasgholimirza,1636,1898,2768
abbeforththe2nd,855,1044,609
abbiemac_26,755,690,458
abbienp,1048,779,811
abbmej,1122,624,767
abbreviations,1264,1029,1407
abbsofsteel,954,968,948
abbygonzales,1399,1217,808
abc202009,1077,745,1981
abcdefghij62,811,719,393
abcdefgu,1776,1740,2483
abcpassword123,993,780,1186
abczyxabczyx,1341,828,2096
abc_oxl,1157,980,1927
abdifatahai,1028,500,1051
abdoo12,1074,1075,2015
abdulfatahnebi,1192,1107,1449
abduselam1,1299,1213,1003
abe123442,1373,1307,1809
abedoc11,1115,1051,870
abee247,832,647,1050
abekensir,971,817,1689
abekhalil,1654,1679,2175
abelewis97,1060,806,1193
abelfarrell,1121,900,1142
abelhawkins,1194,1159,1485
abenje,989,767,1372
abesanchez43,1316,1157,1978
abetribe,924,656,1285
abeywardhana,351,903,387
abezky,712,807,423
abgru,1266,1014,1911
abgupta07,786,673,403
abhay_bhatia,1612,1570,1387
abhi2900,2083,2111,1753
abhi341,1383,1299,1026
abhi35991,1265,1396,1019
abhi6672,989,748,1198
abhi9033,1247,1083,1444
abhiamr,1345,1341,1362
abhiihda,853,615,686
abhijeet351997,1203,849,1114
abhijitj,859,1209,2053
abhinav1992,465,724,652
abhinavchava,1155,799,1731
abhinavraje,1227,1015,1183
abhindm,1188,827,1831
abhishekpujari2011,185,1022,785
abhishekrenganathan,641,914,785
abhishekshaji,1214,836,846
abhisheksinghror,933,811,1201
abigaelwambugu,394,100,387
abigspookyghost,312,332,387
abilaash15,1588,1440,2292
abilioabelha,932,794,786
abinaanth,1733,1068,890
abinadi1,1074,1083,1411
abinavseeti,1109,956,636
abinitiochess,848,583,1604
abish98,404,818,389
abithekidkarpov,1043,937,847
abjectillusion,820,533,948
abjohnstone,1016,822,955
abkap1,589,238,987
ablackturtle,1307,945,1079
abm2010,775,363,1081
abmyster,644,342,445
abookunn,652,505,501
aboona1,1310,919,1688
aboosoyeed,1312,1112,2272
aboozar,1550,1461,1747
abortnowb42late,1123,599,1334
abosheski2,1486,1517,425
abotatchess2020,826,575,814
abotvenev,1518,1688,1632
aboudchess,1100,1001,1193
aboudi132,936,172,1652
aboughtlemon,932,857,1062
aboya23,1132,956,1379
abrad117,1978,2150,3077
abrahamkjohn,1373,1301,808
abrains1,443,567,794
abrakabazooka,886,460,412
abramvarghese,747,730,804
abris27,1283,1147,1362
abrohier,708,993,1202
abs977,1669,1644,1479
absapi,1006,865,803
absentfeet,839,565,1604
absol15,963,714,984
absolclaw,627,418,952
absolutedude,757,797,1327
absolutelygarbage,1305,1184,1361
absolutethrift,743,815,1158
absolutetreason,1127,751,836
absolute_ambiguity,628,276,1169
absorbs05,335,181,502
absurdpencil,963,636,1659
abuayz,1071,1213,1317
abuile,1665,1645,1848
abukleabigdog,604,405,422
abulnator,380,348,398
abuook,1316,1075,515
abusiveboganhusband,274,355,432
abusivelobster,630,280,440
abuzar13_mu,504,413,811
abuzzkillington,1003,513,1226
abyb,343,528,979
abysalinferno,870,900,746
abysmalal,808,533,1053
abysmalorange,770,544,1411
abysmxvl,415,364,427
abyssalisofficial,1367,848,1041
abz1017,1220,1070,824
abze3,1106,896,1375
abzee85,733,684,412
abzshana,1255,1047,800
abzzabzz,1141,1004,1210
ab_pro3849,636,580,961
ac-130j,847,408,522
ac11223,616,315,405
ac3shigh20,701,840,1243
acadaca,1572,1580,2357
acake39,882,401,1211
acannington1975,1032,693,1496
acarat,496,303,1091
acarpio89,1175,1161,1564
acavarra,950,296,429
acb94,883,741,1158
acbax,887,1016,1702
acbcdc888,745,642,426
acc8697,1065,1054,482
accary,923,485,814
acceeee,850,747,409
acceess,314,302,686
accelerate72,1311,1164,1260
accept_mygambit,868,582,599
access88,959,586,417
accidentalnegligence,1191,876,1887
account_deactivated,745,781,532
accutops,592,323,825
ace-2000,947,522,410
ace030333,686,529,846
ace1211,724,1008,1187
ace515456,754,565,410
ace977,1296,1138,1587
aceacebaby23,796,694,959
aceaiden,1378,1123,2421
acefrawley,1545,1291,2774
acegoldenuwu,743,936,795
acemer,623,649,400
acen504,1253,1267,590
acenoda,601,393,449
acenturyandabit,1242,941,509
aceproz,1190,883,1083
acer6921,634,961,719
aceracer66,1115,1039,1389
acericky,1043,930,1223
acestreasury,1865,1643,2659
aceventura88,616,534,1051
ace_elements,631,397,413
ace_online8888,1935,1860,2282
acharjee2614,1218,808,1010
achessavox,876,343,517
achessplayer542,945,1187,1882
achilies91,1329,1339,845
achilleantortoise,1308,1497,2070
achilleseels,1004,729,1204
achlad,885,883,1374
achooch,1302,1527,1406
achtung_verboten,1073,931,1188
achyutakeshava,1152,509,400
acidchessclub,1314,1246,857
acidgamz,1233,1011,1749
acidiccamo,1552,1545,1852
acidicskulls,964,708,1275
acirazzi,1417,1347,1073
ackeru,952,674,1498
ackf,994,664,1241
ackie225,743,496,412
aclark5000,1375,1025,1192
acm_chessmaster,1548,1088,1827
acneboi,472,127,636
acol96,1293,1121,1679
acolos,853,588,474
acolyne,1011,1005,845
acolytehw,1479,1265,1808
acombatwombat,1559,1495,1727
acomilaco,1069,521,1231
acompletelegend,651,603,882
acompooter,1257,960,1921
aconfusion,711,563,1166
acook20,924,761,1251
acornink,1110,701,1187
acporto,1266,941,429
acribbes,853,344,907
acrobase,1225,1072,1433
acrorilez,759,533,838
action97,1491,1200,1950
actionkidz,961,720,1695
activebold,1217,970,847
activehorizon,1052,1035,431
activeparrot,1225,1120,1843
actualbob,484,457,684
actualbowtie,611,661,1081
actualchickenyt,1184,859,779
actuallyg0d,1220,1128,1885
actuallygoated,940,1125,1030
actualpickle,1053,752,1163
actualquox,1575,1083,2241
acunningham,1293,843,800
acute_chess_pain,1229,971,998
acutux,877,665,1245
acxdontwitch,331,302,411
acy01,932,1032,401
acziii,1274,915,1582
ad11v4y,547,535,436
ad1313l,909,745,450
ad1891,1566,1319,586
adabbhandari,905,735,1006
adabbledo,1152,1371,1963
adam-lee,736,841,1426
adam065719,718,330,968
adam19700000,749,415,412
adam1980me,1438,1225,824
adam464,1003,814,1653
adam7787,885,639,1622
adamadra,948,671,1653
adamb128,865,732,796
adambanana,710,852,1430
adambeater101,965,1042,526
adambspencer,1531,1170,2506
adamcampbell1,1039,891,820
adamcaspary,739,596,451
adamchowdhury,1341,1336,1886
adamcopland,773,482,1038
adamcrowe89,1049,595,494
adamcurrey,1521,1120,1969
adamde1,754,579,1058
adamdibbo,1004,707,997
adamdray256,685,926,723
adamelaina,1166,785,1465
adamelon,1157,824,1733
adamfrog,750,573,561
adamgarner2,901,490,390
adamglu,965,661,1003
adamgoddard69,433,528,700
adamgryl,318,160,786
adamgrzeslak,1598,1634,2060
adamguest1,837,302,460
adaminga,1170,602,1521
adamj015,318,321,436
adamjordan6,743,359,489
adamjslp,836,1202,1075
adamkara11,664,769,512
adamkell,1101,867,1049
adammarland,1484,1488,1728
adammelbourne,1200,670,1761
adamriley121,573,520,913
adams1945,1018,861,1989
adamslim01,1429,1326,2191
adamstrass,945,612,1151
adamsyno,455,102,419
adamtbot,527,335,1026
adamtea,1326,718,1005
adamtequila11,1046,742,1544
adamv1999,986,481,550
adamvanbockel98,502,390,423
adamworkman82,800,530,845
adam_a_csiko,472,928,436
adam_marks13,679,732,788
adam_richter,556,509,1004
adam_sg,774,928,613
adaniloff,1379,1352,519
adasssik,991,854,593
adave0630,274,341,537
adavi413,716,587,682
adayumdavis,1114,871,1629
adbrom81,998,1025,1140
adcbp,1466,1334,1495
addeli-rogers,649,456,422
addiijames,995,653,1386
addisonm1602,518,218,438
addsomenumberstoit,1205,683,1313
addsorama,1194,1205,517
addyd123,237,261,400
addzy6,1222,932,427
addzzoo,386,680,785
adeebnissan,894,1149,1009
adeeet,798,647,1359
adeeks,835,722,1037
adeeltejani,1119,890,1245
adeforceone,1013,725,1237
adegosom,1464,1216,1632
adegzy,1234,733,1824
adel1010,1097,1233,658
adel192,1067,942,1256
adem0417,200,321,388
ademeratan,1475,1091,1478
ademmumcu,1221,885,1057
ademorton92,845,1115,1048
adem_chrome,1174,1135,1785
aden2001,1731,1741,2420
adenadenadenadenaden,1138,923,987
adenimhof,643,914,840
adensmore,1468,1404,2162
adensstinkynuts,1328,1199,2046
adenyii,592,395,1094
adept888,1285,917,1854
adeptwa,1040,731,1189
aderai,1142,759,1699
adfer2,870,635,643
adfhk,1301,1215,1649
adgypadgy,1497,1360,1169
adhaero,1076,1054,1005
adhd69,761,785,1238
adheesh1,1506,1228,2085
adhvikvangapally,418,100,410
adhyanchess,745,440,438
adib195,721,670,414
adidash123,674,822,1242
adiiii83,1576,1208,2247
adikt_072,844,543,892
adil-kinggambit,939,840,806
adilly008,1126,1148,622
adilmousa,485,423,779
adimitriadis,1405,1008,1944
adimpost,844,650,401
adinch,1159,1101,1718
adinvinsora,769,727,525
adisethia,1316,1011,1753
adit1209,1240,1048,547
aditeshlal,707,864,391
adith009,1033,768,784
adithj,950,710,798
aditjoshi,761,267,1200
aditya1yer,520,489,1154
aditya2435,1232,896,2042
aditya730,1223,1020,1330
adityamalve110,791,430,415
adityamavuru,1134,896,950
adityasajeesh,696,474,656
adityasaxena4,1431,1319,2033
adityathe3rd,560,416,1071
aditya_dwi,1316,1333,1831
adivity,1582,1409,1901
adizzo,1011,1024,1211
adjacentmindwash,1016,877,800
adjdjdjdjdjdjd,310,455,423
adjoshi5,909,710,413
adlaalmo,996,1096,889
adlinedesign,805,485,800
admiral_byng,1240,989,982
admist12,642,613,1323
adnaebl,1333,668,1199
adneyud,1457,999,1064
adolfovalenciajurado,1012,832,1957
adollarbird,1220,859,1545
adon1kam,1269,1203,1439
adon886,746,534,1623
adon8887,815,453,821
adonislyf,800,102,665
adonky,667,576,612
adoow,812,538,1185
adorablecheck,579,624,498
adorablejigar,1277,1050,1105
ados200102,814,619,923
adosasarus-rex,929,495,786
adoumi,706,711,788
adour,738,986,1025
adox87,1519,1248,570
adpope619,896,403,531
